"COMPOUND_ID	MOLECULAR_FORMULA	MOLECULAR_WEIGHT	MOLECULAR_MASS	ALOGP	ROTATABLE_BONDS	HBA	HBD	POLAR_SURFACE_AREA	AROMATIC_RINGS	HEAVY_ATOMS	QED_WEIGHTED	BLOOD_BRAIN_BARRIER_PENETRATION	BLOOD_BRAIN_BARRIER_PENETRATION_LEVEL	HUMAN_INTESTINAL_ABSORPTION_LEVEL	AQUEOUS_SOLUBILITY	AQUEOUS_SOLUBILITY_LEVEL	CYP2D6_BINDING_MODEL	HEPATOTOXICITY_MODEL	PLASMA_PROTEIN_BINDING_MODEL	SMILES	STANDARD_INCHI	STANDARD_INCHI_KEY",,,,,,,,,,,,,,,,,,,,,,,,,,
"CMNPD2562	C8H11NO5	201.178	201.063722452	-1.715	3	5	3	95.86	0	14	0.4721546802344976		4	1	1.121	5	False	False	False	CC(=O)NC(C(O[C@]1([H])[C@H](O)CO)=O)=C1	InChI=1S/C8H11NO5/c1-4(11)9-5-2-7(6(12)3-10)14-8(5)13/h2",7-Jun,10,12H,3H2,1H3,(H,9,11)/t6-,"7+/m1/s1	XBJZBELDKOKZKH-RQJHMYQMSA-N",,,,,,,,,,,,,,,,,
"CMNPD2563	C16H22N2O3S2	354.49700000000007	354.107184564	1.2704	5	5	1	60.85000000000001	1	23	0.8628723718235409	-0.628	3	0	-2.7089999999999996	3	False	False	False	C(c1ccccc1)[C@@]2(SC)C(N([C@](CO)(SC)C(=O)N2C)C)=O	InChI=1S/C16H22N2O3S2/c1-17-14(21)16(11-19",23-4)18(2)13(20)15(17,22-3)10-12-8-6-5-7-9-12/h5-9,19H,10-11H2,1-4H3/t15-,"16-/m1/s1	WXIJHVRXTHDGKV-HZPDHXFCSA-N",,,,,,,,,,,,,,,,,,,,
"CMNPD3142	C21H28O5	360.4500000000001	360.193673996	2.5014000000000007	6	5	2	83.83	0	26	0.4319104287414232	-0.696	3	0	-2.841	3	False	False	True	O([C@@H](C=CC(=CC1=O)[C@]2(C)C[C@H]1O)[C@@H]2C)C(\C=C\C=C\C(CCO)C)=O	InChI=1S/C21H28O5/c1-14(10-11-22)6-4-5-7-20(25)26-19-9-8-16-12-17(23)18(24)13-21(16",3)15(19)2/h4-9,12,14-15,18-19,22,24H,11-Oct,13H2,1-3H3/b6-4+,7-5+/t14?,15-,18+,19-,"21+/m0/s1	LILRKIOWUFSSFE-XKBKYWSISA-N",,,,,,,,,,,,
"CMNPD3613	C21H24O5	356.4180000000002	356.16237386799986	4.088300000000004	5	5	1	72.83	1	26	0.8046588065309911	-0.124	2	0	-4.698	2	False	True	True	C(C)C(CC(C)C1=Cc2c(c(c3c(C=C(OC)C(=O)C3=O)c2)O)CO1)C	InChI=1S/C21H24O5/c1-5-11(2)6-12(3)16-8-13-7-14-9-17(25-4)20(23)21(24)18(14)19(22)15(13)10-26-16/h7-9",12-Nov,22H,6-May,10H2,"1-4H3	BRHYSVIYRNFZEB-UHFFFAOYSA-N",,,,,,,,,,,,,,,,,,,,,
"CMNPD3614	C12H20O3	212.28900000000002	212.14124449999997	1.9012	1	3	1	46.53	0	15	0.5331556062685503	-0.179	2	0	-2.866	3	False	True	True	[C@H]1(OC(=O)C(C)(C)[C@@H](O)[C@H]1C)\C(\C)=C\C	InChI=1S/C12H20O3/c1-6-7(2)9-8(3)10(13)12(4",5)11(14)15-9/h6,10-Aug,13H,1-5H3/b7-6+/t8-,9-,"10-/m0/s1	TXJOTIFCEKOXSM-WQPYABEOSA-N",,,,,,,,,,,,,,,,,,,,
"CMNPD3615	C12H20O3	212.289	212.14124449999997	1.9012	1	3	1	46.53	0	15	0.5331556062685503	-0.179	2	0	-2.866	3	False	True	True	[C@H]1(OC(=O)C(C)(C)[C@H](O)[C@H]1C)\C(=C\C)\C	InChI=1S/C12H20O3/c1-6-7(2)9-8(3)10(13)12(4",5)11(14)15-9/h6,10-Aug,13H,1-5H3/b7-6+/t8-,9-,"10+/m0/s1	TXJOTIFCEKOXSM-PUAHGDKPSA-N",,,,,,,,,,,,,,,,,,,,
"CMNPD3616	C10H10O3	178.18699999999995	178.06299418	1.4935999999999998	0	3	1	46.53	1	13	0.6120952079707839	-0.313	2	0	-2.488	3	False	True	False	c12c(C(O[C@@H](C)C1)=O)c(O)ccc2	InChI=1S/C10H10O3/c1-6-5-7-3-2-4-8(11)9(7)10(12)13-6/h2-4",6,11H,5H2,"1H3/t6-/m0/s1	KWILGNNWGSNMPA-LURJTMIESA-N",,,,,,,,,,,,,,,,,,,,,,
"CMNPD3617	C21H28O5	360.4500000000001	360.1936739960001	2.5014000000000007	6	5	2	83.83	0	26	0.4319104287414232	-0.696	3	0	-2.841	3	False	False	True	O([C@@H](C=CC(=CC1=O)[C@]2(C)C[C@@H]1O)[C@@H]2C)C(\C=C\C=C\C(CCO)C)=O	InChI=1S/C21H28O5/c1-14(10-11-22)6-4-5-7-20(25)26-19-9-8-16-12-17(23)18(24)13-21(16",3)15(19)2/h4-9,12,14-15,18-19,22,24H,11-Oct,13H2,1-3H3/b6-4+,7-5+/t14?,15-,18-,19-,"21+/m0/s1	LILRKIOWUFSSFE-RPDFUWJQSA-N",,,,,,,,,,,,
"CMNPD3618	C21H28O5	360.4500000000001	360.1936739960001	2.6439000000000004	5	5	2	83.83	0	26	0.4473012644711529	-0.672	3	0	-3.068	3	False	False	True	O([C@@H](C=CC(=CC1=O)[C@]2(C)C[C@@H]1O)[C@@H]2C)C(\C=C\C=C\C(O)(CC)C)=O	InChI=1S/C21H28O5/c1-5-20(3",25)11-7-6-8-19(24)26-18-10-9-15-12-16(22)17(23)13-21(15,4)14(18)2/h6-12,14,17-18,23,25H,5,13H2,1-4H3/b8-6+,11-7+/t14-,17-,18-,20?,"21+/m0/s1	XTOGUVJTYSNIJK-NPHBMZGYSA-N",,,,,,,,,,,,
"CMNPD3619	C21H28O4	344.45099999999996	344.198759376	3.5290000000000026	5	4	1	63.60000000000001	0	25	0.4707027020436036	0.012	1	0	-4.247	2	False	False	True	O([C@@H](C=CC(=CC1=O)[C@]2(C)C[C@@H]1O)[C@@H]2C)C(\C=C\C=C\[C@H](CC)C)=O	InChI=1S/C21H28O4/c1-5-14(2)8-6-7-9-20(24)25-19-11-10-16-12-17(22)18(23)13-21(16",4)15(19)3/h6-12,14-15,18-19,23H,5,13H2,1-4H3/b8-6+,9-7+/t14-,15-,18-,19-,"21+/m0/s1	UVMPFBSXKCZAGL-QWPBIGQHSA-N",,,,,,,,,,,,,,
"CMNPD3620	C21H28O5	360.4500000000001	360.1936739960001	2.5014000000000007	6	5	2	83.83	0	26	0.4319104287414232	-0.675	3	0	-2.898	3	False	False	True	O([C@@H](C=CC(=CC1=O)[C@]2(C)C[C@@H]1O)[C@@H]2C)C(\C=C\C=C\C(CC)CO)=O	InChI=1S/C21H28O5/c1-4-15(13-22)7-5-6-8-20(25)26-19-10-9-16-11-17(23)18(24)12-21(16",3)14(19)2/h5-11,14-15,18-19,22,24H,4,12-13H2,1-3H3/b7-5+,8-6+/t14-,15?,18-,19-,"21+/m0/s1	JOCONTUXRSUXQU-AKFHREKDSA-N",,,,,,,,,,,,,
"CMNPD3621	C24H32O5	400.51500000000016	400.224974124	3.6051000000000033	5	5	2	75.99000000000002	0	29	0.3191370764744517	-0.20800000000000002	2	0	-4.1930000000000005	2	False	False	True	O([C@@H](C=CC(=C[C@@](OCC1=C)(O)[C@]12O)[C@]3(C)C2)[C@@H]3C)C(\C=C\C=C\[C@H](CC)C)=O	InChI=1S/C24H32O5/c1-6-16(2)9-7-8-10-21(25)29-20-12-11-19-13-24(27)23(26",17(3)14-28-24)15-22(19,5)18(20)4/h7-13,16,18,20,26-27H,3,6,14-15H2,2-Jan,4-5H3/b9-7+,10-8+/t16-,18-,20-,22+,23+,"24-/m0/s1	JJQRQIUKYIKXNV-DWMQRRHKSA-N",,,,,,,,,
"CMNPD3622	C26H36O5	428.56900000000013	428.25627425199997	4.649300000000005	7	5	1	64.99000000000001	0	31	0.27674951410608845	0.214	1	0	-4.988	2	False	False	True	O([C@@H](C=CC(=C[C@@](OCC1=C)(OCC)[C@]12O)[C@]3(C)C2)[C@@H]3C)C(\C=C\C=C\[C@H](CC)C)=O	InChI=1S/C26H36O5/c1-7-18(3)11-9-10-12-23(27)31-22-14-13-21-15-26(29-8-2)25(28",19(4)16-30-26)17-24(21,6)20(22)5/h9-15,18,20,22,28H,4,8-Jul,16-17H2,3-Jan,5-6H3/b11-9+,12-10+/t18-,20-,22-,24+,25+,"26-/m0/s1	PETGWKRQLLLVIQ-QGXPNDGJSA-N",,,,,,,,,
"CMNPD3623	C15H18O4	262.30499999999995	262.120509056	1.1039	0	4	2	66.75999999999999	0	19	0.6416222728040204	-0.953	3	0	-2.032	3	False	True	False	[C@]12([C@](C[C@]3(C(C=CC(=O)[C@@H]3C)=C1)C)(O)C(=C)CO2)O	InChI=1S/C15H18O4/c1-9-7-19-15(18)6-11-4-5-12(16)10(2)13(11",3)8-14(9,15)17/h4-6,10,17-18H,1,7-8H2,2-3H3/t10-,13+,14+,"15-/m0/s1	DKGJSDMEDKZKNB-QOWREQOWSA-N",,,,,,,,,,,,,,,,
"CMNPD3624	C9H14O2	154.20899999999997	154.099379688	2.2295000000000003	4	1	1	37.3	0	11	0.4976936399640692	0.024	1	0	-2.057	3	False	False	True	C(=C\C=C\C(=O)O)/[C@@H](C)CC	InChI=1S/C9H14O2/c1-3-8(2)6-4-5-7-9(10)11/h4-8H",3H2,1-2H3,(H,10,11)/b6-4+,"7-5+/t8-/m0/s1	DNUJBTBPCOIYRL-QALPAXIDSA-N",,,,,,,,,,,,,,,,,,,,
"CMNPD3625	C9H14O3	170.208	170.094294308	1.2019	5	2	2	57.53	0	12	0.4812116410529501	-0.684	3	0	-0.584	4	False	False	True	C(/C=C/C(=O)O)=C\C(CCO)C	InChI=1S/C9H14O3/c1-8(6-7-10)4-2-3-5-9(11)12/h2-5",8,10H,6-7H2,1H3,(H,11,12)/b4-2+,"5-3+	KFHQGKGXRZPBOB-ZUVMSYQZSA-N",,,,,,,,,,,,,,,,,,
"CMNPD4112	C12H20O4	228.288	228.13615912	1.0413	7	4	2	66.75999999999999	0	16	0.3879975364444957	-0.7020000000000001	3	0	-1.032	4	False	False	False	C(O)[C@@H](O)COC(\C=C\C=C\[C@H](CC)C)=O	InChI=1S/C12H20O4/c1-3-10(2)6-4-5-7-12(15)16-9-11(14)8-13/h4-7",11-Oct,13-14H,3,8-9H2,1-2H3/b6-4+,7-5+/t10-,"11+/m0/s1	NOGDBKGCSWHQHI-SXAAAOJCSA-N",,,,,,,,,,,,,,,,,,,
"CMNPD4113	C24H32O3	368.51700000000017	368.235144884	5.360400000000006	6	3	0	43.37000000000001	0	27	0.2742527978678898	0.8859999999999999	0	0	-6.166	1	False	False	True	[C@H]1(C[C@]2(C(=CC1=O)C=C[C@H](OC(\C=C\C=C\[C@H](CC)C)=O)[C@@H]2C)C)C(C)=C	InChI=1S/C24H32O3/c1-7-17(4)10-8-9-11-23(26)27-22-13-12-19-14-21(25)20(16(2)3)15-24(19",6)18(22)5/h8-14,17-18,20,22H,2,7,15H2,1,3-6H3/b10-8+,11-9+/t17-,18-,20-,22-,"24+/m0/s1	ICTLXILJPBBAPB-ROAIVBRGSA-N",,,,,,,,,,,,
"CMNPD4114	C24H32O3	368.51700000000017	368.235144884	5.5045000000000055	5	3	0	43.37000000000001	0	27	0.365259132283194	0.995	0	1	-6.568	1	False	False	True	O([C@@H](C=C1)[C@H](C)[C@@](C)(C\C(=C(/C)\C)\C2=O)C1=C2)C(\C=C\C=C\[C@H](CC)C)=O	InChI=1S/C24H32O3/c1-7-17(4)10-8-9-11-23(26)27-22-13-12-19-14-21(25)20(16(2)3)15-24(19",6)18(22)5/h8-14,17-18,22H,7,15H2,1-6H3/b10-8+,11-9+/t17-,18-,22-,"24+/m0/s1	OPSLYPDRADIUGV-ZBUJUHMUSA-N",,,,,,,,,,,,,,,,
"CMNPD4115	C21H26O6	374.43300000000016	374.17293855199995	2.5937	6	5	2	100.9	0	27	0.4209873744892519	-0.986	3	0	-2.988	3	False	False	True	C1=C(C=C[C@H](OC(\C=C\C=C\[C@H](CC(O)=O)C)=O)[C@@H]2C)[C@]2(C)C[C@@H](O)C1=O	InChI=1S/C21H26O6/c1-13(10-19(24)25)6-4-5-7-20(26)27-18-9-8-15-11-16(22)17(23)12-21(15",3)14(18)2/h4-9,11,13-14,17-18,23H,10,12H2,1-3H3,(H,24,25)/b6-4+,7-5+/t13-,14+,17-,18+,"21-/m1/s1	JJBHKCNHUMUNND-DMYDHDOFSA-N",,,,,,,,,,
"CMNPD4116	C28H40O	392.6270000000002	392.3079159	7.459100000000008	4	1	0	17.07	0	29	0.4537412625037293	1.7109999999999999	0	2	-8.155	0	False	False	True	C1(CC[C@@](C2C(C=C3)=C(CC[C@@H]4[C@H](C)\C=C\[C@H](C)C(C)C)[C@]4(C)CC2)(C)C3=C1)=O	InChI=1S/C28H40O/c1-18(2)19(3)7-8-20(4)24-11-12-25-23-10-9-21-17-22(29)13-15-27(21",5)26(23)14-16-28(24,25)6/h7-10,17-20,24,26H,11-16H2,1-6H3/b8-7+/t19-,20+,24+,26?,27-,"28+/m0/s1	OIMXTYUHMBQQJM-GDJCSSNXSA-N",,,,,,,,,,,,,,
"CMNPD4656	C20H22O5	342.39100000000013	342.14672380400003	4.370700000000004	4	5	1	68.9	2	25	0.8356384087701431	-0.001	2	0	-4.705	2	False	True	True	c12c(cc3c(COC(\C(=C\C(CC)C)\C)=C3)c1O)C=C(OC)C(=O)O2	InChI=1S/C20H22O5/c1-5-11(2)6-12(3)16-8-13-7-14-9-17(23-4)20(22)25-19(14)18(21)15(13)10-24-16/h6-9",11,21H,5,10H2,"1-4H3/b12-6+	VIUBUJAFNAMIAH-WUXMJOGZSA-N",,,,,,,,,,,,,,,,,,,,,
"CMNPD4657	C24H28O6	412.4820000000003	412.1885886159999	4.149500000000003	6	6	2	93.06000000000002	1	30	0.7291456218531149	-0.726	3	0	-3.7119999999999997	3	False	False	True	c12c(cc3c(COC(\C(=C\C(CC)C)\C)=C3)c1O)C=C(OC)C(CC(C)=O)(O)C2=O	InChI=1S/C24H28O6/c1-6-13(2)7-14(3)19-9-16-8-17-10-20(29-5)24(28",11-15(4)25)23(27)21(17)22(26)18(16)12-30-19/h7-10,13,26,28H,6,11-12H2,"1-5H3/b14-7+	AEUOEFHLXREGMT-VGOFMYFVSA-N",,,,,,,,,,,,,,,,,,,
"CMNPD4658	C21H22O5	354.40200000000016	354.14672380399986	4.008400000000004	4	5	1	72.83000000000001	1	26	0.8272834166905365	-0.18	2	0	-4.6339999999999995	2	False	True	True	c1(O)c2c(cc(C=C(OC3)\C(=C\C(CC)C)\C)c13)C=C(OC)C(=O)C2=O	InChI=1S/C21H22O5/c1-5-11(2)6-12(3)16-8-13-7-14-9-17(25-4)20(23)21(24)18(14)19(22)15(13)10-26-16/h6-9",11,22H,5,10H2,"1-4H3/b12-6+	YIEXBFWEBRLCNL-WUXMJOGZSA-N",,,,,,,,,,,,,,,,,,,,,
"CMNPD4659	C20H30O4	334.45600000000013	334.21440944	3.0866000000000016	0	4	2	58.92	0	24	0.6685041683957224	-0.218	2	0	-4.137	2	False	False	False	C1[C@H]([C@]2(C3=C([C@]4(O)OC3)[C@@]1(O[C@](CC\C=C(/C)\CC2)(C)[C@@H]4O)[H])C)C	InChI=1S/C20H30O4/c1-12-6-5-8-19(4)17(21)20(22)16-14(11-23-20)18(3",9-7-12)13(2)10-15(16)24-19/h6,13,15,17,21-22H,5,7-11H2,1-4H3/b12-6+/t13-,15-,17+,18+,19+,"20+/m1/s1	ABEFPCRGBOFMDC-MPXXBEOSSA-N",,,,,,,,,,,,,
"CMNPD4660	C27H49N5O8	571.7160000000006	571.358113528	-0.3107999999999937	23	8	7	231.01	0	40	0.06331737429756125		4	3	-1.505	4	False	False	False	[C@H](CCCCCCCCC)(O)CC(N[C@@H](CC(=O)N)C(=O)N[C@@](C(NC(CC(C)C)C=O)=O)([H])[C@H](O)CC(N)=O)=O	InChI=1S/C27H49N5O8/c1-4-5-6-7-8-9-10-11-19(34)13-24(38)31-20(14-22(28)36)26(39)32-25(21(35)15-23(29)37)27(40)30-18(16-33)12-17(2)3/h16-21",25,34-35H,4-15H2,1-3H3,(H2,28,36)(H2,29,37)(H,30,40)(H,31,38)(H,32,39)/t18?,19-,20+,21-,"25+/m1/s1	DHYUJQKWCJOPLE-GSZDTLHVSA-N",,,,,,,
"CMNPD4661	C27H49N5O7	555.7170000000007	555.3631989080001	0.7184000000000046	23	7	6	210.78	0	39	0.07842740298391368		4	3	-1.68	4	False	False	False	[C@H](CCCCCCCCC)(O)CC(N[C@@H](CC(=O)N)C(=O)N[C@@](C(NC(CC(C)C)C=O)=O)([H])CCC(N)=O)=O	InChI=1S/C27H49N5O7/c1-4-5-6-7-8-9-10-11-20(34)15-25(37)31-22(16-24(29)36)27(39)32-21(12-13-23(28)35)26(38)30-19(17-33)14-18(2)3/h17-22",34H,4-16H2,1-3H3,(H2,28,35)(H2,29,36)(H,30,38)(H,31,37)(H,32,39)/t19?,20-,21+,"22+/m1/s1	MFXAGCQVWGPEJH-FTMYTLCRSA-N",,,,,,,,,
"CMNPD5313	C24H23N5O4	445.47900000000016	445.175004216	1.0706999999999989	2	7	3	116.56000000000002	3	33	0.5434700333250064		4	0	-3.426	3	False	False	False	C1(N2C([C@](O)(C[C@]3(N4C([C@]([H])(C)NC3=O)=Nc5c(C4=O)cccc5)[H])c(c2cc6)cc6)N[C@H]1C)=O	InChI=1S/C24H23N5O4/c1-12-19-27-16-9-5-3-7-14(16)22(32)28(19)18(20(30)25-12)11-24(33)15-8-4-6-10-17(15)29-21(31)13(2)26-23(24)29/h3-10",13-Dec,18,23,26,33H,11H2,1-2H3,(H,25,30)/t12-,13-,18+,23?,"24-/m0/s1	DQQCCKFZJNINST-QXKNKNFJSA-N",,,,,,,,,,,,
"CMNPD5314	C24H23N5O4	445.47900000000016	445.175004216	1.0706999999999989	2	7	3	116.56000000000002	3	33	0.5434700333250064		4	0	-3.426	3	False	False	False	C1(N2C([C@](O)(C[C@]3(N4C([C@](C)([H])NC3=O)=Nc5c(C4=O)cccc5)[H])c(c2cc6)cc6)N[C@H]1C)=O	InChI=1S/C24H23N5O4/c1-12-19-27-16-9-5-3-7-14(16)22(32)28(19)18(20(30)25-12)11-24(33)15-8-4-6-10-17(15)29-21(31)13(2)26-23(24)29/h3-10",13-Dec,18,23,26,33H,11H2,1-2H3,(H,25,30)/t12-,13+,18-,23?,"24+/m1/s1	DQQCCKFZJNINST-SVHZQOIZSA-N",,,,,,,,,,,,
"CMNPD5315	C24H21N5O4	443.46300000000014	443.159354152	1.2202999999999995	0	7	2	105.56000000000004	3	33	0.5414026840438224	-1.62	3	0	-4.3839999999999995	2	False	False	True	C(N[C@]1(C)O[C@@]23c4c(cccc4)N(C(=O)[C@H](C)N5)[C@@]25[H])(=O)C(N(C(c6c7cccc6)=O)C1=N7)C3	InChI=1S/C24H21N5O4/c1-12-19(31)28-16-10-6-4-8-14(16)24(22(28)25-12)11-17-18(30)27-23(2",33-24)21-26-15-9-5-3-7-13(15)20(32)29(17)21/h3-10,12,17,22,25H,11H2,1-2H3,(H,27,30)/t12-,17?,22-,23+,"24-/m0/s1	POEYRUBMWIOMTB-SMROKPNPSA-N",,,,,,,,,,,,
"CMNPD5861	C28H32N4O2	456.5900000000003	456.25252626400004	3.5799000000000016	1	5	1	51.35	2	34	0.6651416531995321	-0.042	2	0	-6.028	1	False	False	True	c12c(c3ccc1)[C@@]4([C@@]5([C@H]([N@@](CC4)[C@H]3C6C(C)(C)O6)N(C(=O)C)CC5)c7c(cccc7)N8)[C@]8([H])N2C	InChI=1S/C28H32N4O2/c1-16(33)31-14-12-27-18-9-5-6-10-19(18)29-24-28(27)13-15-32(25(27)31)22(23-26(2",3)34-23)17-8-7-11-20(21(17)28)30(24)4/h5-11,22-25,29H,12-15H2,1-4H3/t22-,23?,24+,25+,27-,"28-/m1/s1	QKUUVGNHUMKUAN-IONNMEBRSA-N",,,,,,,,,,,,,,,,
"CMNPD5862	C32H36N4O2	508.6660000000003	508.283826392	4.692300000000004	3	5	1	51.35	2	38	0.3703715692074624	0.44299999999999995	1	0	-7.022	1	False	False	True	c12c(c3ccc1)[C@@]4([C@@]5([C@H]([N@@](CC4)[C@H]3C6C(C)(C)O6)N(C(\C=C\C=C\C)=O)CC5)c7c(cccc7)N8)[C@]8([H])N2C	InChI=1S/C32H36N4O2/c1-5-6-7-15-24(37)35-18-16-31-21-12-8-9-13-22(21)33-28-32(31)17-19-36(29(31)35)26(27-30(2",3)38-27)20-11-10-14-23(25(20)32)34(28)4/h5-15,26-29,33H,16-19H2,1-4H3/b6-5+,15-7+/t26-,27?,28+,29+,31-,"32-/m1/s1	XZFSMUXVAYCHFO-QREHLELFSA-N",,,,,,,,,,,,,,,
"CMNPD5863	C25H38O7	450.5720000000003	450.2617535559999	3.1422000000000017	9	6	3	121.13	0	32	0.28023302861237165		4	1	-3.471	3	False	False	True	C1[C@H]([C@]2([C@@]([H])(C=CC([C@H](C)CC)[C@]2(C)C(CCO)=O)[C@H](O)[C@@H]1OC(=O)\C=C(/C)\CC(=O)O)[H])C	InChI=1S/C25H38O7/c1-6-15(3)18-8-7-17-23(25(18",5)20(27)9-10-26)16(4)13-19(24(17)31)32-22(30)12-14(2)11-21(28)29/h7-8,12,15-19,23-24,26,31H,6,11-Sep,13H2,1-5H3,(H,28,29)/b14-12+/t15-,16-,17-,18?,19-,23+,24+,"25-/m1/s1	PRBYUWKAOZFGIV-RBWOUTFVSA-N",,,,,,
"CMNPD6544	C10H12O3	180.203	180.078644244	2.0716	2	3	0	39.44	1	13	0.6989727872323039	-0.203	2	0	-2.377	3	False	True	False	C1(=CC(=CC(O1)=O)OC)\C(=C\C)\C	InChI=1S/C10H12O3/c1-4-7(2)9-5-8(12-3)6-10(11)13-9/h4-6H","1-3H3/b7-4+	HOXZLCMLRLXRIN-QPJJXVBHSA-N",,,,,,,,,,,,,,,,,,,,,,,,,
"CMNPD6545	C9H12O3	168.19199999999995	168.078644244	1.5192199999999998	2	3	0	39.44	1	12	0.6716703817938923	-0.248	2	0	-2.188	3	False	True	False	C1(=C(C(=CC(O1)=O)OC)C)CC	InChI=1S/C9H12O3/c1-4-7-6(2)8(11-3)5-9(10)12-7/h5H",4H2,"1-3H3	YKPMLSJXUUXDMF-UHFFFAOYSA-N",,,,,,,,,,,,,,,,,,,,,,,,
"CMNPD6546	C14H21ClO3	272.77199999999993	272.117922212	1.7560999999999996	3	3	2	57.53	0	18	0.6079697443608769	-0.642	3	0	-2.001	3	False	True	False	[C@]12([H])[C@]([H])([C@](C(CO)=C1)(C(=O)CCl)C)[C@@H](O)C(C)(C)C2	InChI=1S/C14H21ClO3/c1-13(2)5-8-4-9(7-16)14(3",10(17)6-15)11(8)12(13)18/h4,8,12-Nov,16,18H,5-7H2,1-3H3/t8-,11-,12+,"14+/m0/s1	QJDLIMFXDMREHY-HDRXNWCYSA-N",,,,,,,,,,,,,,,,
"CMNPD6547	C23H35ClO7	458.9790000000004	458.20713114	2.071599999999999	8	7	4	124.29	0	31	0.3239130680932437		4	1	-3.335	3	False	False	True	[C@@]1([C@@](C)([C@]([H])([C@@H](OC(C(CCCCCC)O)=O)C(C)(C)C2)[C@@]2([H])[C@@H]3O)C3=C(Cl)C1=O)(O)CO	InChI=1S/C23H35ClO7/c1-5-6-7-8-9-13(26)20(29)31-19-14-12(10-21(19",2)3)17(27)15-16(24)18(28)23(30,11-25)22(14,15)4/h12-14,17,19,25-27,30H,5-11H2,1-4H3/t12-,13?,14-,17-,19+,22-,"23-/m0/s1	OEQVWIAOBFYYLM-QTMJIHRVSA-N",,,,,,,,,,,
"CMNPD6548	C23H35ClO6	442.98000000000036	442.21221652	3.1008000000000013	8	6	3	104.06	0	30	0.3938612386560414		4	0	-3.832	3	False	False	True	[C@@]1([C@@](C)([C@]([H])([C@@H](OC(CCCCCCC)=O)C(C)(C)C2)[C@@]2([H])[C@@H]3O)C3=C(Cl)C1=O)(O)CO	InChI=1S/C23H35ClO6/c1-5-6-7-8-9-10-14(26)30-20-15-13(11-21(20",2)3)18(27)16-17(24)19(28)23(29,12-25)22(15,16)4/h13,15,18,20,25,27,29H,5-12H2,1-4H3/t13-,15-,18-,20+,22-,"23-/m0/s1	YDXXLMJEKBHUEM-OXYHHQORSA-N",,,,,,,,,,
"CMNPD6549	C20H30O4	334.45600000000013	334.21440943999994	2.9276000000000013	0	4	2	70.06	0	24	0.5277537547787261	-0.396	2	0	-3.8560000000000003	3	False	False	False	C1\C(=C\CC[C@]2(C)[C@H](O2)C(=O)C([C@](C)(O)[C@](C)([C@H](C)[C@]3(O)[H])C1)=C3)\C	InChI=1S/C20H30O4/c1-12-7-6-9-19(4)17(24-19)16(22)14-11-15(21)13(2)18(3",10-8-12)20(14,5)23/h7,11,13,15,17,21,23H,6,8-10H2,1-5H3/b12-7+/t13-,15+,17-,18+,19?,"20+/m1/s1	IXABPXZNFDNAMM-CEQFWOERSA-N",,,,,,,,,,
"CMNPD6550	C20H30O4	334.45600000000013	334.21440943999994	2.9276000000000013	0	4	2	70.06	0	24	0.5277537547787261	-0.396	2	0	-3.8560000000000003	3	False	False	False	C1\C(=C\CC[C@]2(C)[C@H](O2)C(=O)C([C@](C)(O)[C@](C)([C@H](C)[C@]3([H])O)C1)=C3)\C	InChI=1S/C20H30O4/c1-12-7-6-9-19(4)17(24-19)16(22)14-11-15(21)13(2)18(3",10-8-12)20(14,5)23/h7,11,13,15,17,21,23H,6,8-10H2,1-5H3/b12-7+/t13-,15-,17-,18+,19?,"20+/m1/s1	IXABPXZNFDNAMM-CIQCJFLMSA-N",,,,,,,,,,
"CMNPD6551	C20H28O3	316.4410000000001	316.20384475599997	3.732800000000003	0	3	1	49.83	0	23	0.5470204239373925	0.18600000000000003	1	0	-4.852	2	False	False	True	C1[C@@](C(=C)C(=C2)C(=O)[C@@H]3[C@@](O3)(C)CC\C=C(/C)\C1)(C)[C@H](C)[C@H]2O	InChI=1S/C20H28O3/c1-12-7-6-9-20(5)18(23-20)17(22)15-11-16(21)14(3)19(4",10-8-12)13(15)2/h7,11,14,16,18,21H,2,6,8-10H2,1,3-5H3/b12-7+/t14-,16+,18-,19-,"20?/m1/s1	VHPDNWQKZMURPV-ZOGRFHHCSA-N",,,,,,,,,,,
"CMNPD6552	C20H28O3	316.441	316.20384475599997	4.020900000000003	1	3	0	46.67	0	23	0.4168428239786568	0.299	1	0	-5.414	2	False	False	True	O1[C@@](C)([C@H]1C2=O)CC\C=C(/C)\CC[C@@](C)([C@H](C)C3)[C@@H](C=O)C2=C3	InChI=1S/C20H28O3/c1-13-6-5-10-20(4)18(23-20)17(22)15-8-7-14(2)19(3",11-9-13)16(15)12-21/h6,8,12,14,16,18H,5,7,9-11H2,1-4H3/b13-6+/t14-,16+,18-,19+,"20-/m1/s1	QQJPKWMYESOJFA-XORHUKBNSA-N",,,,,,,,,,,,
"CMNPD6553	C20H30O3	318.457	318.21949482	4.100800000000004	1	3	0	46.67	0	23	0.4152650319788581	0.311	1	0	-5.449	2	False	False	True	C1[C@@]2([C@H]([C@]([H])(C(=O)[C@@H](O3)[C@@]3(C)CC\C=C(/C)\C1)CC[C@H]2C)C=O)C	InChI=1S/C20H30O3/c1-13-6-5-10-20(4)18(23-20)17(22)15-8-7-14(2)19(3",11-9-13)16(15)12-21/h6,12,14-16,18H,5,7-11H2,1-4H3/b13-6+/t14-,15-,16+,18-,19+,"20?/m1/s1	VEIJXOFPJWWIIJ-WVAICMPXSA-N",,,,,,,,,,,,,,
"CMNPD6554	C32H32N6O7S6	805.0450000000002	804.0656733640001	2.2357000000000005	3	15	5	165.99	2	51	0.2869144940501405		4	3	-8.706	0	False	False	False	c12c([C@@]3([C@@]45[C@]([H])(Nc(cccc6)c46)N7[C@]8([C@H]5O)C(=O)N(C)[C@](SS8)(C(C)C)C7=O)[C@]([H])(N9[C@@](SSSS%10)(C(=O)N([C@@]%10(C9=O)CO)C)[C@H]3O)N1)cccc2	InChI=1S/C32H32N6O7S6/c1-14(2)30-26(45)38-22-28(15-9-5-8-12-18(15)34-22",19(40)31(38,48-47-30)25(44)36(30)4)29-16-10-6-7-11-17(16)33-21(29)37-23(42)27(13-39)35(3)24(43)32(37,20(29)41)49-51-50-46-27/h5-12,14,19-22,33-34,39-41H,13H2,1-4H3/t19-,20-,21-,22+,27-,28-,29-,30-,31-,"32-/m0/s1	HEIXSBSYEOOAIS-UMJVWQBCSA-N",,,,,,,,
"CMNPD6555	C32H32N6O7S5	772.9780000000002	772.0936023639999	1.5875000000000004	3	14	5	165.99	2	50	0.2858372266745152		4	3	-7.862	1	False	False	False	c12c([C@@]3([C@@]45[C@]([H])(Nc(cccc6)c46)N7[C@]8([C@H]5O)C(=O)N(C)[C@](SS8)(C(C)C)C7=O)[C@]([H])(N9[C@@](SSS%10)(C(=O)N([C@@]%10(C9=O)CO)C)[C@H]3O)N1)cccc2	InChI=1S/C32H32N6O7S5/c1-14(2)30-26(45)38-22-28(15-9-5-8-12-18(15)34-22",19(40)31(38,48-47-30)25(44)36(30)4)29-16-10-6-7-11-17(16)33-21(29)37-23(42)27(13-39)35(3)24(43)32(37,20(29)41)49-50-46-27/h5-12,14,19-22,33-34,39-41H,13H2,1-4H3/t19-,20-,21-,22+,27-,28-,29-,30-,31-,"32-/m0/s1	FAOQLJAVRDUFBM-UMJVWQBCSA-N",,,,,,,,
"CMNPD6556	C32H32N6O7S4	740.9110000000002	740.1215313639999	0.9393	3	13	5	165.99	2	49	0.2828947253531475		4	3	-7.01	1	False	False	False	c12c([C@@]3([C@@]45[C@]([H])(Nc(cccc6)c46)N7[C@]8([C@H]5O)C(=O)N(C)[C@](SS8)(C(C)C)C7=O)[C@]([H])(N9C([C@](SS[C@]9%10[C@H]3O)(N(C)C%10=O)CO)=O)N1)cccc2	InChI=1S/C32H32N6O7S4/c1-14(2)30-26(45)38-22-29(16-10-6-8-12-18(16)34-22",20(41)32(38,49-47-30)25(44)36(30)4)28-15-9-5-7-11-17(15)33-21(28)37-23(42)27(13-39)35(3)24(43)31(37,19(28)40)48-46-27/h5-12,14,19-22,33-34,39-41H,13H2,1-4H3/t19-,20-,21-,22+,27-,28-,29-,30-,31-,"32-/m0/s1	QCRXJIVWNFOEFZ-UMJVWQBCSA-N",,,,,,,,
"CMNPD6557	C25H24N4O3S2	492.62600000000015	492.128982628	3.324300000000002	2	6	3	88.67	3	34	0.4759107449380687	-0.401	2	0	-6.7379999999999995	1	False	False	False	c1cc2c(c([C@]34[C@]([H])(Nc(cccc5)c35)N6[C@]7([C@H]4O)C(N(C)[C@](SS7)(C(C)C)C6=O)=O)c[nH]2)cc1	InChI=1S/C25H24N4O3S2/c1-13(2)24-22(32)29-20-23(15-9-5-7-11-18(15)27-20",16-12-26-17-10-6-4-8-14(16)17)19(30)25(29,34-33-24)21(31)28(24)3/h4-13,19-20,26-27,30H,1-3H3/t19-,20+,23+,24-,"25-/m0/s1	GXXLXFUKTNCGPR-MAOFURFTSA-N",,,,,,,,,,,,,,,,
"CMNPD6558	C25H24N4O3S3	524.6930000000001	524.101053628	3.972500000000003	2	7	3	88.67	3	35	0.4373435978248534		4	0	-7.5	1	False	True	False	c1cc2c(c([C@]34[C@]([H])(Nc(cccc5)c35)N6[C@]7([C@H]4O)C(N(C)[C@](SSS7)(C(C)C)C6=O)=O)c[nH]2)cc1	InChI=1S/C25H24N4O3S3/c1-13(2)24-22(32)29-20-23(15-9-5-7-11-18(15)27-20",16-12-26-17-10-6-4-8-14(16)17)19(30)25(29,34-35-33-24)21(31)28(24)3/h4-13,19-20,26-27,30H,1-3H3/t19-,20+,23+,24-,"25-/m0/s1	OIWYUAIIJUNYGP-MAOFURFTSA-N",,,,,,,,,,,,,,,,
"CMNPD6559	C25H24N4O3S4	556.7600000000001	556.0731246280001	4.620700000000003	2	8	3	88.67	3	36	0.39435865127390346		4	1	-8.254	0	False	True	False	c1cc2c(c([C@]34[C@]([H])(Nc(cccc5)c35)N6[C@]7([C@H]4O)C(N(C)[C@](SSSS7)(C(C)C)C6=O)=O)c[nH]2)cc1	InChI=1S/C25H24N4O3S4/c1-13(2)24-22(32)29-20-23(15-9-5-7-11-18(15)27-20",16-12-26-17-10-6-4-8-14(16)17)19(30)25(29,21(31)28(24)3)34-36-35-33-24/h4-13,19-20,26-27,30H,1-3H3/t19-,20+,23+,24-,"25-/m0/s1	NKAKEWJOGYRXPY-MAOFURFTSA-N",,,,,,,,,,,,,,,,
"CMNPD7251	C20H30O3	318.4570000000001	318.21949482	3.956800000000003	0	3	1	49.83	0	23	0.5431687306179437	0.253	1	0	-5.053	2	False	False	True	C1[C@@]([C@@](C)(O)C(=C2)C(=O)[C@@H](O3)[C@@]3(C)CC\C=C(/C)\C1)(C)[C@H](C)C2	InChI=1S/C20H30O3/c1-13-7-6-11-19(4)17(23-19)16(21)15-9-8-14(2)18(3",12-10-13)20(15,5)22/h7,9,14,17,22H,6,8,10-12H2,1-5H3/b13-7+/t14-,17-,18+,19-,"20+/m1/s1	MLDXYOSNGPZNQW-YKDURBFQSA-N",,,,,,,,,,,,
"CMNPD7252	C20H30O4	334.45600000000013	334.21440944	3.168000000000002	0	4	1	62.36	0	24	0.6912774343060529	-0.27	2	0	-4.3660000000000005	2	False	False	False	C1[C@@]([C@@](C)(O)C(=C2)C(=O)[C@@H](O3)[C@@]3(C)CC[C@H](O4)[C@]4(C)C1)(C)[C@H](C)C2	InChI=1S/C20H30O4/c1-12-6-7-13-15(21)16-19(4",24-16)9-8-14-18(3,23-14)11-10-17(12,2)20(13,5)22/h7,12,14,16,22H,6,8-11H2,1-5H3/t12-,14+,16-,17+,18+,19?,"20+/m1/s1	UTBSUBYHIWUOSH-ULCVNWDKSA-N",,,,,,,,,
"CMNPD7253	C20H30O3	318.457	318.21949482	4.115800000000005	0	3	1	41.99	0	23	0.5395495769196452	0.452	1	0	-5.385	2	False	False	True	C1[C@@](C(CO2)=C3C2(O)[C@@H](O4)[C@@]4(C)CC\C=C(/C)\C1)(C)[C@H](C)CC3	InChI=1S/C20H30O3/c1-13-6-5-10-19(4)17(23-19)20(21)15-8-7-14(2)18(3",11-9-13)16(15)12-22-20/h6,14,17,21H,5,7-12H2,1-4H3/b13-6+/t14-,17+,18+,19?,"20?/m1/s1	OGWUAOXLICPHRC-XNFFSQEWSA-N",,,,,,,,,,,,,,,
"CMNPD7254	C21H27NO6	389.44800000000015	389.183837584	1.8797	8	6	2	105.23	0	28	0.16399253792863686	-1.05	3	0	-3.148	3	False	False	False	CC1(NC(=O)C(C(\C(\C)=C\CC\C=C\C(\C)=C\C(\C(OC)=O)=C/C)=O)(O2)C12)O	InChI=1S/C21H27NO6/c1-6-15(17(24)27-5)12-13(2)10-8-7-9-11-14(3)16(23)21-18(28-21)20(4",26)22-19(21)25/h6,8,12-Oct,18,26H,7,9H2,1-5H3,(H,22,25)/b10-8+,13-12+,14-11+,"15-6+	GFRNQYUCUNYIEN-WCUXJJRUSA-N",,,,,,,,,,,,
"CMNPD7255	C32H32N6O7S7	837.1120000000003	836.0377443640002	2.8839000000000024	3	16	5	165.98999999999995	2	52	0.2865987880891885		4	3	-9.554	0	False	False	False	N1([C@](SSS[C@@]2([C@H]3O)C1=O)(C(C)C)C(=O)N2[C@@]([H])(Nc(cccc4)c45)[C@]35[C@@]6([C@]([H])(N7[C@@](SSSS8)(C(=O)N(C)[C@]8(CO)C7=O)[C@H]6O)N9)c(ccc%10)c9c%10)C	InChI=1S/C32H32N6O7S7/c1-14(2)30-26(45)38-22-29(16-10-6-8-12-18(16)34-22",20(41)32(38,48-50-47-30)25(44)36(30)4)28-15-9-5-7-11-17(15)33-21(28)37-23(42)27(13-39)35(3)24(43)31(37,19(28)40)49-52-51-46-27/h5-12,14,19-22,33-34,39-41H,13H2,1-4H3/t19-,20-,21-,22+,27-,28-,29+,30-,31-,"32-/m0/s1	MZTLVZCSKAQWFK-OWDCXDQNSA-N",,,,,,,,
"CMNPD7256	C32H32N6O7S6	805.0450000000003	804.0656733640002	2.2357000000000014	3	15	5	165.98999999999995	2	51	0.2869144940501405		4	3	-8.716000000000001	0	False	False	False	N1([C@](SSS[C@@]2([C@H]3O)C1=O)(C(C)C)C(=O)N2[C@@]([H])(Nc(cccc4)c45)[C@@]35[C@]6([C@]([H])(N7[C@@](SSS8)(C(=O)N(C)[C@]8(CO)C7=O)[C@H]6O)N9)c(ccc%10)c9c%10)C	InChI=1S/C32H32N6O7S6/c1-14(2)30-26(45)38-22-29(16-10-6-8-12-18(16)34-22",20(41)32(38,49-51-47-30)25(44)36(30)4)28-15-9-5-7-11-17(15)33-21(28)37-23(42)27(13-39)35(3)24(43)31(37,19(28)40)48-50-46-27/h5-12,14,19-22,33-34,39-41H,13H2,1-4H3/t19-,20-,21-,22+,27-,28+,29-,30-,31-,"32-/m0/s1	FNGREQNWOPPQJI-DNVIVPPASA-N",,,,,,,,
"CMNPD7257	C32H32N6O7S5	772.9780000000003	772.0936023640003	1.5875000000000008	3	14	5	165.98999999999995	2	50	0.2858372266745152		4	3	-7.869	1	False	False	False	N1([C@](SSS[C@@]2([C@H]3O)C1=O)(C(C)C)C(=O)N2[C@@]([H])(Nc(cccc4)c45)[C@]35[C@@]6([C@]([H])(N7[C@@](SS[C@@]8(CO)C7=O)(C(=O)N8C)[C@H]6O)N9)c(ccc%10)c9c%10)C	InChI=1S/C32H32N6O7S5/c1-14(2)30-26(45)38-22-29(16-10-6-8-12-18(16)34-22",20(41)32(38,49-50-48-30)25(44)36(30)4)28-15-9-5-7-11-17(15)33-21(28)37-23(42)27(13-39)35(3)24(43)31(37,19(28)40)47-46-27/h5-12,14,19-22,33-34,39-41H,13H2,1-4H3/t19-,20-,21-,22+,27-,28-,29+,30-,31-,"32-/m0/s1	FJCYYECSVQOLMB-OWDCXDQNSA-N",,,,,,,,
"CMNPD7258	C32H32N6O7S6	805.0450000000003	804.0656733640002	2.2357000000000014	3	15	5	165.98999999999995	2	51	0.2869144940501405		4	3	-8.719	0	False	False	False	N1([C@](SSSS[C@@]2([C@H]3O)C1=O)(C(C)C)C(=O)N2[C@@]([H])(Nc(cccc4)c45)[C@]35[C@@]6([C@]([H])(N7[C@@](SS[C@@]8(CO)C7=O)(C(=O)N8C)[C@H]6O)N9)c(ccc%10)c9c%10)C	InChI=1S/C32H32N6O7S6/c1-14(2)30-26(45)38-22-29(16-10-6-8-12-18(16)34-22",20(41)32(38,25(44)36(30)4)49-51-50-48-30)28-15-9-5-7-11-17(15)33-21(28)37-23(42)27(13-39)35(3)24(43)31(37,19(28)40)47-46-27/h5-12,14,19-22,33-34,39-41H,13H2,1-4H3/t19-,20-,21-,22+,27-,28-,29+,30-,31-,"32-/m0/s1	YYFLJGNYBJWKAO-OWDCXDQNSA-N",,,,,,,,
"CMNPD7259	C34H36N6O6S4	752.9660000000003	752.1579168720003	2.6030000000000038	3	12	4	145.76	2	50	0.342403613646222		4	2	-7.8870000000000005	1	False	False	False	CC([C@]12SS[C@@](C(=O)N1C)([C@@H](O)[C@]([C@]34[C@]([H])(Nc(cccc5)c35)N6[C@]7([C@H]4O)C(N(C)[C@](SS7)(C(C)C)C6=O)=O)([C@@]8([H])N9)c(ccc%10)c9c%10)N8C2=O)C	InChI=1S/C34H36N6O6S4/c1-15(2)31-27(45)39-23-29(17-11-7-9-13-19(17)35-23",21(41)33(39,49-47-31)25(43)37(31)5)30-18-12-8-10-14-20(18)36-24(30)40-28(46)32(16(3)4)38(6)26(44)34(40,22(30)42)50-48-32/h7-16,21-24,35-36,41-42H,1-6H3/t21-,22-,23-,24+,29-,30+,31+,32-,33+,"34-/m0/s1	DTYNXJMCIIFDRS-ZLOJQMINSA-N",,,,,,,,,,
"CMNPD7260	C34H36N6O6S5	785.0330000000004	784.1299878720002	3.2512000000000043	3	13	4	145.76	2	51	0.3386665068564472		4	2	-8.657	0	False	False	False	CC([C@]12SS[C@@](C(=O)N1C)([C@@H](O)[C@]([C@]34[C@]([H])(Nc(cccc5)c35)N6C([C@@](SSS[C@]67[C@H]4O)(C(C)C)N(C)C7=O)=O)([C@@]8([H])N9)c(ccc%10)c9c%10)N8C2=O)C	InChI=1S/C34H36N6O6S5/c1-15(2)31-27(45)39-23-29(17-11-7-9-13-19(17)35-23",21(41)33(39,48-47-31)25(43)37(31)5)30-18-12-8-10-14-20(18)36-24(30)40-28(46)32(16(3)4)38(6)26(44)34(40,22(30)42)50-51-49-32/h7-16,21-24,35-36,41-42H,1-6H3/t21-,22-,23-,24+,29-,30+,31+,32-,33+,"34-/m0/s1	SVKOQQXMXSQXBA-ZLOJQMINSA-N",,,,,,,,,,
"CMNPD7261	C34H36N6O6S6	817.1000000000003	816.1020588720003	3.899400000000005	3	14	4	145.76	2	52	0.3326483181676448		4	2	-9.417	0	False	False	False	CC([C@]12SS[C@@](C(=O)N1C)([C@@H](O)[C@]([C@]34[C@]([H])(Nc(cccc5)c35)N6C([C@@](SSSS[C@]67[C@H]4O)(C(C)C)N(C)C7=O)=O)([C@@]8([H])N9)c(ccc%10)c9c%10)N8C2=O)C	InChI=1S/C34H36N6O6S6/c1-15(2)31-27(45)39-23-29(17-11-7-9-13-19(17)35-23",21(41)33(39,48-47-31)25(43)37(31)5)30-18-12-8-10-14-20(18)36-24(30)40-28(46)32(16(3)4)38(6)26(44)34(40,22(30)42)50-52-51-49-32/h7-16,21-24,35-36,41-42H,1-6H3/t21-,22-,23-,24+,29-,30+,31+,32-,33+,"34-/m0/s1	BVEBIRVGKKWMTQ-ZLOJQMINSA-N",,,,,,,,,,
"CMNPD7262	C24H21N5O4	443.46300000000014	443.159354152	0.9083999999999997	0	7	2	107.77	3	33	0.5348761264698384	-1.619	3	0	-3.946	3	False	False	True	c12c(N=C([C@@](C)(NC(=O)[C@H]3C4)N([C@@H](C)C5=O)[C@]([H])([C@@]4(O)c(cccc6)c67)N57)N3C1=O)cccc2	InChI=1S/C24H21N5O4/c1-12-19(31)28-16-10-6-4-8-14(16)24(33)11-17-18(30)26-23(2",29(12)22(24)28)21-25-15-9-5-3-7-13(15)20(32)27(17)21/h3-10,12,17,22,33H,11H2,1-2H3,(H,26,30)/t12-,17+,22+,23+,"24-/m0/s1	YYLAARMDRFESOL-FBFRIGEZSA-N",,,,,,,,,,,,
"CMNPD7263	C25H25N5O5	475.50500000000017	475.18556889999985	0.8287999999999998	3	8	3	125.79	3	35	0.5123203315249802		4	0	-3.411	3	False	False	False	O=C1N2C([C@@](C)(OC)NC(=O)[C@H]2C[C@@](O)([C@@]([H])(N[C@@H](C)C3=O)N34)c(cccc5)c45)=Nc(cccc6)c16	InChI=1S/C25H25N5O5/c1-13-20(32)29-17-11-7-5-9-15(17)25(34",23(29)26-13)12-18-19(31)28-24(2,35-3)22-27-16-10-6-4-8-14(16)21(33)30(18)22/h4-11,13,18,23,26,34H,12H2,1-3H3,(H,28,31)/t13-,18+,23-,24+,"25-/m0/s1	MUUBSMIWCJLEGK-HBLJGDDGSA-N",,,,,,,,,,
"CMNPD7264	C21H18N4O2	358.4010000000002	358.142975816	2.852400000000001	2	4	2	79.78	4	27	0.5782003052615038	-0.5720000000000001	3	0	-4.934	2	False	True	False	c1cccc(N=C([C@@](C)([H])NC(=O)[C@H]2Cc3c[nH]c(cccc4)c34)N2C5=O)c15	InChI=1S/C21H18N4O2/c1-12-19-24-17-9-5-3-7-15(17)21(27)25(19)18(20(26)23-12)10-13-11-22-16-8-4-2-6-14(13)16/h2-9",12-Nov,18,22H,10H2,1H3,(H,23,26)/t12-,"18+/m0/s1	SUVZUTHVKIBYOH-KPZWWZAWSA-N",,,,,,,,,,,,,,,,,
"CMNPD7265	C21H18N4O2	358.4010000000002	358.142975816	2.852400000000001	2	4	2	79.78	4	27	0.5782003052615038	-0.5720000000000001	3	0	-4.934	2	False	True	False	c1cccc(N=C([C@@]([H])(C)NC(=O)[C@H]2Cc3c[nH]c(cccc4)c34)N2C5=O)c15	InChI=1S/C21H18N4O2/c1-12-19-24-17-9-5-3-7-15(17)21(27)25(19)18(20(26)23-12)10-13-11-22-16-8-4-2-6-14(13)16/h2-9",12-Nov,18,22H,10H2,1H3,(H,23,26)/t12-,"18-/m1/s1	SUVZUTHVKIBYOH-KZULUSFZSA-N",,,,,,,,,,,,,,,,,
"CMNPD7998	C10H10O6	226.184	226.04773804	0.010100000000000107	0	6	4	107.22	1	16	0.4640641289751264	-1.8730000000000002	3	0	-0.765	4	False	True	False	c1(O)c2c(C(O)C(C)(O)OC2=O)cc(O)c1	InChI=1S/C10H10O6/c1-10(15)8(13)5-2-4(11)3-6(12)7(5)9(14)16-10/h2-3",8,13-Nov,15H,"1H3	GQRRJOCFFMMORD-UHFFFAOYSA-N",,,,,,,,,,,,,,,,,,,,,,
"CMNPD7999	C10H8O5	208.16899999999995	208.03717335599998	0.8982999999999999	1	5	2	83.82999999999998	1	15	0.6695695703275898	-1.294	3	0	-1.3969999999999998	4	False	True	False	c1(O)c2c(C(C(=O)C)OC2=O)cc(O)c1	InChI=1S/C10H8O5/c1-4(11)9-6-2-5(12)3-7(13)8(6)10(14)15-9/h2-3",9,12-13H,"1H3	KLBSSFLIZVTENH-UHFFFAOYSA-N",,,,,,,,,,,,,,,,,,,,,,,
"CMNPD8000	C15H26O2	238.37099999999995	238.19328007200002	2.5822000000000016	1	2	2	40.46	0	17	0.7368954964728596	-0.132	2	0	-2.638	3	False	True	True	C1CC(C)(C2(C1C3[C@@](C)(CCC2)CO)C)C3O	InChI=1S/C15H26O2/c1-13(9-16)6-4-7-14(2)10-5-8-15(14",3)12(17)11(10)13/h10-12,16-17H,4-9H2,1-3H3/t10?,11?,12?,13-,14?,"15?/m0/s1	GJIFFFJEPUFSMW-YVQUARKKSA-N",,,,,,,,,,,,,,,,,
"CMNPD8001	C32H36N2O5	528.6490000000001	528.262422252	3.8324000000000025	2	5	3	111.79000000000002	2	39	0.3116737795371737		4	1	-6.306	1	False	False	False	O=C1[C@]2([C@]([H])([C@H](Cc3c4c(cccc4)[nH]c3)N1)[C@H](C)[C@@](C)(O5)[C@@H]56)[C@H]6\C=C\C[C@H](C)\C=C(/C)\[C@@H](O)C(=O)\C=C\C2=O	InChI=1S/C32H36N2O5/c1-17-8-7-10-22-29-31(4",39-29)19(3)27-24(15-20-16-33-23-11-6-5-9-21(20)23)34-30(38)32(22,27)26(36)13-12-25(35)28(37)18(2)14-17/h5-7,14-Sep,16-17,19,22,24,27-29,33,37H,8,15H2,1-4H3,(H,34,38)/b10-7+,13-12+,18-14+/t17-,19-,22-,24-,27-,28+,29-,31+,"32+/m0/s1	OUMWCYMRLMEZJH-VOXRAUTJSA-N"
"CMNPD8002	C32H35N3O3	509.6500000000002	509.26784198	5.239500000000004	2	3	3	90.28	3	38	0.3260122202388757		4	1	-7.9270000000000005	1	False	False	False	O=C1[C@]2([C@]([H])([C@H](Cc3c4c(cccc4)[nH]c3)N1)[C@H](C)[C@@](C)(O5)[C@@H]56)[C@H]6\C=C\C[C@H](C)\C=C(/C)\C(=O)c(cc7)[nH]c27	InChI=1S/C32H35N3O3/c1-17-8-7-10-22-29-31(4",38-29)19(3)27-25(15-20-16-33-23-11-6-5-9-21(20)23)35-30(37)32(22,27)26-13-12-24(34-26)28(36)18(2)14-17/h5-7,14-Sep,16-17,19,22,25,27,29,33-34H,8,15H2,1-4H3,(H,35,37)/b10-7+,18-14+/t17-,19-,22-,25-,27-,29-,31+,"32+/m0/s1	YMQTZYUIPHVTQQ-PQDKFCPYSA-N",,
"CMNPD8003	C32H35N3O3	509.65000000000015	509.26784198	5.143200000000004	2	3	4	97.98	3	38	0.3600514863162767		4	2	-7.317	1	False	False	False	O=C1[C@]2([C@]([H])([C@H](Cc3c4c(cccc4)[nH]c3)N1)C(C)=C(C)[C@H]5O)[C@H]5\C=C\C[C@H](C)\C=C(/C)\C(=O)c(cc6)[nH]c26	InChI=1S/C32H35N3O3/c1-17-8-7-10-23-30(37)20(4)19(3)28-26(15-21-16-33-24-11-6-5-9-22(21)24)35-31(38)32(23",28)27-13-12-25(34-27)29(36)18(2)14-17/h5-7,14-Sep,16-17,23,26,28,30,33-34,37H,8,15H2,1-4H3,(H,35,38)/b10-7+,18-14+/t17-,23-,26-,28-,30+,"32+/m0/s1	GOWKCIJMYLLGAI-LDYJIYRRSA-N",,,,,
"CMNPD8004	C32H35N3O3	509.65000000000015	509.26784198	4.999100000000004	2	3	4	97.98	3	38	0.36611794520754254		4	2	-7.194	1	False	False	False	O=C1[C@]2([C@]([H])([C@H](Cc3c4c(cccc4)[nH]c3)N1)[C@H](C)C(=C)[C@H]5O)[C@H]5\C=C\C[C@H](C)\C=C(/C)\C(=O)c(cc6)[nH]c26	InChI=1S/C32H35N3O3/c1-17-8-7-10-23-30(37)20(4)19(3)28-26(15-21-16-33-24-11-6-5-9-22(21)24)35-31(38)32(23",28)27-13-12-25(34-27)29(36)18(2)14-17/h5-7,14-Sep,16-17,19,23,26,28,30,33-34,37H,4,8,15H2,1-3H3,(H,35,38)/b10-7+,18-14+/t17-,19+,23-,26-,28-,30+,"32+/m0/s1	CYRVQOQBMLPFPT-XJBGXHEWSA-N",,
"CMNPD8005	C22H32O3	344.49500000000023	344.235144884	4.513000000000004	7	3	1	46.53	0	25	0.5457231084463828	0.568	1	0	-4.895	2	False	False	True	[C@]12([H])[C@@]([H])(O[C@@H](\C=C\CCCCCCC)C(C)=C1)C(=O)C=C(C[C@]([H])(O)C3)[C@]23[H]	InChI=1S/C22H32O3/c1-3-4-5-6-7-8-9-10-21-15(2)11-19-18-14-17(23)12-16(18)13-20(24)22(19)25-21/h9-11",13,17-19,21-23H,8-Mar,12,14H2,1-2H3/b10-9+/t17-,18+,19-,21-,"22+/m0/s1	ONCGMAFAIBLDNP-GYGBFYAFSA-N",,,,,,,,,,,,,,,
"CMNPD8006	C22H32O3	344.49500000000023	344.235144884	4.513000000000004	7	3	1	46.53	0	25	0.5457231084463828	0.568	1	0	-4.895	2	False	False	True	[C@]12([H])[C@@]([H])(O[C@@H](\C=C\CCCCCCC)C(C)=C1)C(=O)C=C(C[C@](O)([H])C3)[C@]23[H]	InChI=1S/C22H32O3/c1-3-4-5-6-7-8-9-10-21-15(2)11-19-18-14-17(23)12-16(18)13-20(24)22(19)25-21/h9-11",13,17-19,21-23H,8-Mar,12,14H2,1-2H3/b10-9+/t17-,18-,19+,21+,"22-/m1/s1	ONCGMAFAIBLDNP-NCHXIBIBSA-N",,,,,,,,,,,,,,,
"CMNPD8007	C22H30O2	326.48000000000013	326.2245802	5.3182000000000045	7	2	0	26.3	0	24	0.4674414596307743	1.1420000000000001	0	0	-6.055	1	True	False	True	[C@]12([H])[C@@]([H])(O[C@@H](\C=C\CCCCCCC)C(C)=C1)C(=O)C=C(C=CC3)[C@]23[H]	InChI=1S/C22H30O2/c1-3-4-5-6-7-8-9-13-21-16(2)14-19-18-12-10-11-17(18)15-20(23)22(19)24-21/h9-11",13-15,18-19,21-22H,8-Mar,12H2,1-2H3/b13-9+/t18-,19+,21+,"22-/m1/s1	HWLGMVWNJRZMKV-MHNZBMDGSA-N",,,,,,,,,,,,,,,,,
"CMNPD8008	C22H34O3	346.51100000000025	346.250794948	4.304800000000005	7	3	2	49.69	0	25	0.5334973987575559	0.426	1	0	-4.106	2	False	False	True	[C@]12([H])[C@@]([H])(O[C@@H](\C=C\CCCCCCC)C(C)=C1)[C@H](O)C=C(C[C@](O)([H])C3)[C@]23[H]	InChI=1S/C22H34O3/c1-3-4-5-6-7-8-9-10-21-15(2)11-19-18-14-17(23)12-16(18)13-20(24)22(19)25-21/h9-11",13,17-24H,8-Mar,12,14H2,1-2H3/b10-9+/t17-,18-,19+,20-,21+,"22-/m1/s1	SCHUFNFKKZAGMU-AOWXDDHASA-N",,,,,,,,,,,,,,,
"CMNPD8009	C19H36O2	296.49499999999995	296.271530392	6.498600000000009	15	1	1	37.3	0	21	0.2765098594582938		4	3	-5.459	2	False	False	True	C(CCCC\C=C(/CCCCCCCC)\C)CCC(O)=O	InChI=1S/C19H36O2/c1-3-4-5-6-9-12-15-18(2)16-13-10-7-8-11-14-17-19(20)21/h16H",15-Mar,17H2,1-2H3,(H,20,"21)/b18-16-	RAILQKVJWBNVSR-VLGSPTGOSA-N",,,,,,,,,,,,,,,,,,,,
"CMNPD8010	C22H42O4	370.57400000000007	370.30830982399993	5.310400000000007	18	4	2	66.76	0	26	0.19484557883758788		4	2	-4.029	2	False	False	False	C(CCCC\C=C(/CCCCCCCC)\C)CCC(OCC(O)CO)=O	InChI=1S/C22H42O4/c1-3-4-5-6-9-12-15-20(2)16-13-10-7-8-11-14-17-22(25)26-19-21(24)18-23/h16",21,23-24H,15-Mar,17-19H2,"1-2H3/b20-16-	NVYGLIYHVMMTJQ-SILNSSARSA-N",,,,,,,,,,,,,,,,,,,,,
"CMNPD8011	C43H79NO9	754.1029999999993	753.5754831079997	7.080300000000008	33	9	7	168.93999999999997	0	53	0.027363437577217133		4	3	-2.489	3	False	False	False	C(NC(=O)C(O)\C=C\CCCCCCCCCCCCCC)(C(\C=C\CC\C=C(\CCCCCCCCC)/C)O)CO[C@H](O[C@H](CO)[C@H]1O)[C@H](O)[C@H]1O	InChI=1S/C43H79NO9/c1-4-6-8-10-12-13-14-15-16-17-18-20-22-26-31-37(47)42(51)44-35(33-52-43-41(50)40(49)39(48)38(32-45)53-43)36(46)30-27-23-25-29-34(3)28-24-21-19-11-9-7-5-2/h26-27",29-31,35-41,43,45-50H,25-Apr,28,32-33H2,1-3H3,(H,44,51)/b30-27+,31-26+,34-29+/t35?,36?,37?,38-,39-,40+,41-,"43-/m1/s1	QSPMXWIFLDIBGD-AQSFTTACSA-N",,,,,,
"CMNPD8012	C30H56O10	576.7680000000006	576.387347992	4.4197000000000015	26	9	5	170.81999999999996	0	40	0.07331633611703996		4	3	-2.307	3	False	False	True	C([C@H](O)C[C@@H](CCCCC)O)C(=O)O[C@H](CCCCC)C[C@@H](O)CC(=O)O[C@H](CCCCC)C[C@@H](O)CC(=O)O	InChI=1S/C30H56O10/c1-4-7-10-13-22(31)16-23(32)20-29(37)40-27(15-12-9-6-3)18-25(34)21-30(38)39-26(14-11-8-5-2)17-24(33)19-28(35)36/h22-27",31-34H,4-21H2,1-3H3,(H,35,36)/t22-,23-,24-,25-,26-,"27-/m1/s1	RZQNQMRSGMXXMH-ZRRJEQDASA-N",,,,,,,,,,,,,,,
"CMNPD8013	C9H13ClO4	220.65200000000002	220.05023657599997	0.20719999999999986	2	4	2	66.76	0	14	0.39666894571805184	-1.0170000000000001	3	0	-1.054	4	False	True	False	[C@H](Cl)([C@H](O)C)\C=C(/[C@H]([C@@H](C)O1)O)\C1=O	InChI=1S/C9H13ClO4/c1-4(11)7(10)3-6-8(12)5(2)14-9(6)13/h3-5",8-Jul,11-12H,1-2H3/b6-3+/t4-,5-,7-,"8+/m1/s1	PYNWQICKVFMNQB-CIXNUXDNSA-N",,,,,,,,,,,,,,,,,,,,
"CMNPD8014	C9H13ClO4	220.65200000000002	220.05023657599997	0.20719999999999986	2	4	2	66.76	0	14	0.39666894571805184	-1.0170000000000001	3	0	-1.054	4	False	True	False	[C@@H](Cl)([C@@H](O)C)\C=C(/[C@H]([C@@H](C)O1)O)\C1=O	InChI=1S/C9H13ClO4/c1-4(11)7(10)3-6-8(12)5(2)14-9(6)13/h3-5",8-Jul,11-12H,1-2H3/b6-3+/t4-,5+,7-,"8-/m0/s1	PYNWQICKVFMNQB-ARJWYWIFSA-N",,,,,,,,,,,,,,,,,,,,
"CMNPD8015	C16H22O5	294.3470000000001	294.14672380400003	2.966400000000002	8	5	2	83.83	1	21	0.4372808014088394	-0.46299999999999997	2	0	-2.985	3	True	False	True	c1(O)c(C(=O)CCCCC)c(CC(OCC)=O)cc(O)c1	InChI=1S/C16H22O5/c1-3-5-6-7-13(18)16-11(9-15(20)21-4-2)8-12(17)10-14(16)19/h8",10,17,19H,7-Mar,9H2,"1-2H3	NCERCKOZLFYNNZ-UHFFFAOYSA-N",,,,,,,,,,,,,,,,,,,,
"CMNPD8016	C17H23N3O5	349.38700000000006	349.1637708359999	-0.5789999999999975	10	5	4	134.04999999999998	1	25	0.32979062090724576		4	1	-1.215	4	False	False	False	C(=O)(NCCCCN)[C@H](Cc1ccccc1)NC(=O)[C@H]2O[C@@H]2C(O)=O	InChI=1S/C17H23N3O5/c18-8-4-5-9-19-15(21)12(10-11-6-2-1-3-7-11)20-16(22)13-14(25-13)17(23)24/h1-3",7-Jun,12-14H,5-Apr,10-Aug,18H2,(H,19,21)(H,20,22)(H,23,24)/t12-,13-,"14-/m0/s1	ZERGYHMBBZCBJM-IHRRRGAJSA-N",,,,,,,,,,,,
"CMNPD8017	C17H23N3O6	365.38600000000014	365.1586854559999	-0.8733999999999975	10	6	5	154.27999999999997	1	26	0.2665091395839235		4	3	-1.315	4	False	False	False	C(=O)(NCCCCN)[C@H](Cc1ccc(O)cc1)NC(=O)[C@H]2O[C@@H]2C(O)=O	InChI=1S/C17H23N3O6/c18-7-1-2-8-19-15(22)12(9-10-3-5-11(21)6-4-10)20-16(23)13-14(26-13)17(24)25/h3-6",14-Dec,21H,2-Jan,9-Jul,18H2,(H,19,22)(H,20,23)(H,24,25)/t12-,13-,"14-/m0/s1	JAJMETBQBCMJSZ-IHRRRGAJSA-N",,,,,,,,,,,,
"CMNPD8018	C18H25N3O6	379.41300000000007	379.17433552	-0.4832999999999988	11	6	5	154.28	1	27	0.2567904429342866		4	3	-1.587	4	False	False	False	C(=O)(NCCCCCN)[C@H](Cc1ccc(O)cc1)NC(=O)[C@H]2O[C@@H]2C(O)=O	InChI=1S/C18H25N3O6/c19-8-2-1-3-9-20-16(23)13(10-11-4-6-12(22)7-5-11)21-17(24)14-15(27-14)18(25)26/h4-7",13-15,22H,3-Jan,10-Aug,19H2,(H,20,23)(H,21,24)(H,25,26)/t13-,14-,"15-/m0/s1	VZJCKILHZOQLQT-KKUMJFAQSA-N",,,,,,,,,,,,
"CMNPD8767	C8H11ClO5	222.624	222.029501132	-1.2105	1	5	3	86.99	0	14	0.3828881073270087	-1.729	3	0	0.076	5	False	True	False	[C@@H]1(Cl)C(C(OC)=O)=C[C@@H](O)[C@H](O)[C@@H]1O	InChI=1S/C8H11ClO5/c1-14-8(13)3-2-4(10)6(11)7(12)5(3)9/h2",7-Apr,10-12H,1H3/t4-,5-,6+,"7-/m1/s1	AEDMWQPFIPNFCS-MVIOUDGNSA-N",,,,,,,,,,,,,,,,,,,,
"CMNPD8768	C9H14O6	218.20499999999996	218.07903816799998	-1.8028999999999988	2	6	3	96.22	0	15	0.473022285222641		4	1	0.8240000000000001	5	False	False	False	[C@@H]1(OC)C(C(OC)=O)=C[C@H](O)[C@H](O)[C@@H]1O	InChI=1S/C9H14O6/c1-14-8-4(9(13)15-2)3-5(10)6(11)7(8)12/h3",8-May,10-12H,1-2H3/t5-,6-,7-,"8+/m0/s1	VUQJXZNNVAWIKZ-DKXJUACHSA-N",,,,,,,,,,,,,,,,,,,,
"CMNPD8769	C16H22O8	342.3440000000001	342.131467664	0.0193999999999992	0	8	2	119.36	0	24	0.466951918131004		4	0	-2.326	3	False	False	False	C1(=O)O[C@@H](C)[C@H](O)\C=C\C(O[C@@H](C)[C@H](O)\C=C\C(=O)O[C@H](C)C1)=O	InChI=1S/C16H22O8/c1-9-8-16(21)24-11(3)13(18)5-7-15(20)23-10(2)12(17)4-6-14(19)22-9/h4-7",13-Sep,17-18H,8H2,1-3H3/b6-4+,7-5+/t9-,10+,11+,12-,"13-/m1/s1	MJMMUATWVTYSFD-HUYHEJHWSA-N",,,,,,,,,,,,,,,,,
"CMNPD8770	C16H22O7	326.34500000000014	326.13655304400004	1.0485999999999998	0	7	1	99.13	0	23	0.5244282494545026	-1.2109999999999999	3	0	-2.983	3	False	False	False	C1(=O)OC(C)C(O)\C=C\C(OC(C)C\C=C\C(=O)OC(C)C1)=O	InChI=1S/C16H22O7/c1-10-5-4-6-14(18)22-11(2)9-16(20)23-12(3)13(17)7-8-15(19)21-10/h4",8-Jun,13-Oct,17H,5,9H2,1-3H3/b6-4+,"8-7+	LHDGUPDIEZSEGS-GFGVWQOPSA-N",,,,,,,,,,,,,,,,,,,
"CMNPD8771	C16H22O7	326.34500000000014	326.13655304400004	1.0485999999999998	0	7	1	99.13000000000002	0	23	0.5244282494545026	-1.2109999999999999	3	0	-2.983	3	False	False	False	C1(=O)OC(C)C\C=C\C(OC(C)C(O)\C=C\C(=O)OC(C)C1)=O	InChI=1S/C16H22O7/c1-10-5-4-6-14(18)23-12(3)13(17)7-8-15(19)22-11(2)9-16(20)21-10/h4",8-Jun,13-Oct,17H,5,9H2,1-3H3/b6-4+,"8-7+	QTVMZKJQTJNPJL-GFGVWQOPSA-N",,,,,,,,,,,,,,,,,,,
"CMNPD8772	C18H24O8	368.3820000000002	368.147117728	1.0077999999999998	2	8	1	116.20000000000002	0	26	0.5669087373388254		4	0	-2.501	3	False	False	False	C1(=O)OC(C)C\C=C\C(OC(C)C(O)\C=C\C(=O)OC(CC(C)=O)C1)=O	InChI=1S/C18H24O8/c1-11(19)9-14-10-18(23)24-12(2)5-4-6-16(21)25-13(3)15(20)7-8-17(22)26-14/h4",8-Jun,15-Dec,20H,5,9-10H2,1-3H3/b6-4+,"8-7+	JKIRIKWJZGUFNH-GFGVWQOPSA-N",,,,,,,,,,,,,,,,,,,
"CMNPD8773	C22H26O7	402.443	402.167853172	2.1868000000000007	8	7	2	110.13000000000002	0	29	0.2770884050232509	-1.5190000000000001	3	0	-2.266	3	False	False	False	C1=C(C)OC=C([C@@H](O)[C@](OC2=O)(C)C3=C2C(=O)CCCCC[C@H](O)C)C1=C3C=O	InChI=1S/C22H26O7/c1-12(24)7-5-4-6-8-17(25)18-19-15(10-23)14-9-13(2)28-11-16(14)20(26)22(19",3)29-21(18)27/h9-12,20,24,26H,4-8H2,1-3H3/t12-,20-,"22+/m1/s1	WCGBANPPJMWUAY-PECPSLTQSA-N",,,,,,,,,,,,,,,,,,
"CMNPD8774	C22H26O6	386.44400000000013	386.1729385519999	3.216000000000002	8	6	1	89.9	0	28	0.2981428978773093	-0.7859999999999999	3	0	-3.458	3	False	False	True	C1=C(C)OC=C([C@@H](O)[C@](OC2=O)(C)C3=C2C(=O)CCCCCCC)C1=C3C=O	InChI=1S/C22H26O6/c1-4-5-6-7-8-9-17(24)18-19-15(11-23)14-10-13(2)27-12-16(14)20(25)22(19",3)28-21(18)26/h10-12,20,25H,4-9H2,1-3H3/t20-,"22+/m1/s1	YJGCSFJMDFPSMK-IRLDBZIGSA-N",,,,,,,,,,,,,,,,,,,,
"CMNPD8775	C21H26O6	374.43300000000005	374.1729385519999	2.617700000000002	7	6	2	93.06000000000002	0	27	0.4042244328055559	-1.125	3	0	-2.46	3	False	False	False	C1=C(C)OC=C([C@@H](O)[C@](OC2=O)(C)C3=C2C(=O)CCCCC[C@H](O)C)C1=C3	InChI=1S/C21H26O6/c1-12(22)7-5-4-6-8-17(23)18-16-10-14-9-13(2)26-11-15(14)19(24)21(16",3)27-20(18)25/h9-12,19,22,24H,4-8H2,1-3H3/t12-,19-,"21+/m1/s1	PFALYUDCQYQBHE-RHZWSATBSA-N",,,,,,,,,,,,,,,,,,
"CMNPD8776	C21H26O5	358.43400000000014	358.1780239319999	3.6469000000000023	7	5	1	72.83	0	26	0.4271952199274482	-0.39299999999999996	2	0	-3.7239999999999998	3	False	False	True	C1=C(C)OC=C([C@@H](O)[C@](OC2=O)(C)C3=C2C(=O)CCCCCCC)C1=C3	InChI=1S/C21H26O5/c1-4-5-6-7-8-9-17(22)18-16-11-14-10-13(2)25-12-15(14)19(23)21(16",3)26-20(18)24/h10-12,19,23H,4-9H2,1-3H3/t19-,"21+/m1/s1	LWWKRRPNDFSENZ-CTNGQTDRSA-N",,,,,,,,,,,,,,,,,,,,
"CMNPD8777	C22H25NO8	431.44100000000014	431.15801676	2.1531	4	8	2	136.20000000000002	1	31	0.42041181764336216		4	1	-4.029	2	False	False	False	[C@]1(C)(CO)[C@@]2([H])[C@@](C)([C@@](O)(COC3=O)C3=C[C@H]2OC(c4ccc([N+]([O-])=O)cc4)=O)CCC1	InChI=1S/C22H25NO8/c1-20(11-24)8-3-9-21(2)17(20)16(10-15-19(26)30-12-22(15",21)27)31-18(25)13-4-6-14(7-5-13)23(28)29/h4-7,10,16-17,24,27H,3,9-Aug,11-12H2,1-2H3/t16-,17+,20-,21+,"22-/m1/s1	ISKLVGANHNNXLD-PNBTUHDLSA-N",,,,,,,,,,,,,
"CMNPD8778	C23H31Cl2NO4	456.41000000000014	455.163013832	4.885800000000005	9	4	2	75.63000000000002	0	30	0.2945038031184516		4	0	-5.216	2	False	True	True	C(=C\C(\C)=C\C(CCCCCC)C)/C(=O)N[C@H](C(O)OC12C=C(Cl)C(=O)C(Cl)=C1)C2	InChI=1S/C23H31Cl2NO4/c1-4-5-6-7-8-15(2)11-16(3)9-10-20(27)26-19-14-23(30-22(19)29)12-17(24)21(28)18(25)13-23/h9-13",15,19,22,29H,8-Apr,14H2,1-3H3,(H,26,27)/b10-9+,16-11+/t15?,19-,"22?/m0/s1	NGXMXBNROHVABT-FYPVGPPLSA-N",,,,,,,,,,,,,
"CMNPD8779	C23H33Cl2NO5	474.4250000000001	473.1735785159999	3.731400000000003	9	5	3	95.86	0	31	0.2049128332304495		4	0	-4.548	2	False	True	True	C(=C\C(\C)=C\C(CCCCCC)C)/C(=O)N[C@H](C(O)O[C@@]12[C@H](O)[C@@H](Cl)C(=O)C(Cl)=C1)C2	InChI=1S/C23H33Cl2NO5/c1-4-5-6-7-8-14(2)11-15(3)9-10-18(27)26-17-13-23(31-22(17)30)12-16(24)20(28)19(25)21(23)29/h9-12",14,17,19,21-22,29-30H,8-Apr,13H2,1-3H3,(H,26,27)/b10-9+,15-11+/t14?,17-,19-,21+,22?,"23-/m0/s1	UDWHXJRDDKZCNF-KELNJYQVSA-N",,,,,,,,,
"CMNPD8780	C23H35Cl2NO6	492.4400000000003	491.1841431999998	2.5770000000000013	9	6	4	116.09000000000002	0	32	0.1702562823263921		4	1	-4.041	2	False	True	True	C(=C\C(\C)=C\C(CCCCCC)C)/C(=O)N[C@H](C(O)O[C@@]12[C@H](O)[C@H](Cl)C(=O)[C@H](Cl)[C@H]1O)C2	InChI=1S/C23H35Cl2NO6/c1-4-5-6-7-8-13(2)11-14(3)9-10-16(27)26-15-12-23(32-22(15)31)20(29)17(24)19(28)18(25)21(23)30/h9-11",13,15,17-18,20-22,29-31H,8-Apr,12H2,1-3H3,(H,26,27)/b10-9+,14-11+/t13?,15-,17-,18+,20+,21+,22?,"23+/m0/s1	VCUWTCWVACEZRD-CFFXUTFISA-N",,,,,,,
"CMNPD8781	C40H36N6O4	664.7660000000002	664.2798036319999	3.3160000000000043	7	5	5	135.42999999999998	5	50	0.1820985567452516		4	2	-5.303999999999999	2	False	False	False	C1(N([C@@]([H])(Nc(cccc2)c23)[C@]3(c(c([nH]cc4CC(C(=O)N[C@@H]5Cc6ccccc6)NC5=O)c4c7)cc7)C8)[C@@H]8C(=O)N[C@@H]1Cc9ccccc9)=O	InChI=1S/C40H36N6O4/c47-35-30(18-23-10-3-1-4-11-23)42-36(48)31(43-35)20-25-22-41-34-26(25)14-9-16-28(34)40-21-33-37(49)44-32(19-24-12-5-2-6-13-24)38(50)46(33)39(40)45-29-17-8-7-15-27(29)40/h1-17",22,30-33,39,41,45H,18-21H2,(H,42,48)(H,43,47)(H,44,49)/t30-,31?,32-,33+,39-,"40-/m1/s1	AWMBNXCUMNOLQI-QDSGTGPRSA-N",,,,,,,,
